/*
 * CREATE ALTER DROP INSERT SELECT FROM INTO VALUES 
 * TABLE ADD
 * INT VARCHAR CHAR DATE DECIMAL NOT NULL CONSTRAINT PRIMARY FOREIGN KEY AUTO_INCREMENT REFERENCES
 * OR AND ORDER GROUP BY 
 * id_ nombre_ estado_ numero_ codigo_ tipo_ fecha_
 */

mysql.exe -u root
use hotelaristo;


DROP TABLE Paises;
DROP TABLE Ciudades;

DROP TABLE IF EXISTS tarifas;
DROP TABLE IF EXISTS tipos_habitacion;
DROP TABLE IF EXISTS facturas;
DROP TABLE IF EXISTS registros_habitacion;
DROP TABLE IF EXISTS control_diario;
DROP TABLE IF EXISTS reservas;
DROP TABLE IF EXISTS personas;
DROP TABLE IF EXISTS habitaciones;
DROP TABLE IF EXISTS servicios;
DROP TABLE IF EXISTS cargos;
DROP TABLE IF EXISTS empresas;
DROP TABLE IF EXISTS profesiones;
DROP TABLE IF EXISTS impuestos;
DROP TABLE IF EXISTS lugares;

CREATE TABLE IF NOT EXISTS lugares(
	id_lugar INT(8) NOT NULL AUTO_INCREMENT,
	id_ubicacion INT(8),
	nombre_lugar VARCHAR(100) NOT NULL,
	tipo_lugar CHAR(1) NOT NULL,
	CONSTRAINT lug_pk_idl PRIMARY KEY (id_lugar)
);

CREATE TABLE IF NOT EXISTS impuestos(
	id_impuesto INT(3) NOT NULL AUTO_INCREMENT,
	nombre_impuesto VARCHAR(30) NOT NULL,
	porcentaje_impuesto DECIMAL(6,5) NOT NULL,
	CONSTRAINT imp_pk_idi PRIMARY KEY (id_impuesto)
);

CREATE TABLE IF NOT EXISTS profesiones(
	id_profesion INT(4) NOT NULL AUTO_INCREMENT,
	nombre_profesion VARCHAR(100) NOT NULL,
	CONSTRAINT pro_pk_idp PRIMARY KEY (id_profesion)
);

CREATE TABLE IF NOT EXISTS empresas(
	id_empresa INT(6) NOT NULL AUTO_INCREMENT,
	nombre_empresa VARCHAR(150) NOT NULL,
	nit_empresa VARCHAR(20) NOT NULL,
	correo_empresa VARCHAR(100),
	telefono_empresa VARCHAR(15),
	retefuente BOOLEAN,
	otro_impuesto INT(3),
	CONSTRAINT emp_pk_ide PRIMARY KEY (id_empresa)
);

CREATE TABLE IF NOT EXISTS cargos (
	id_cargo INT(2) NOT NULL AUTO_INCREMENT,
	nombre_cargo VARCHAR(40) NOT NULL,
	descripcion_cargo VARCHAR(100),
	CONSTRAINT car_pk_idc PRIMARY KEY (id_cargo)
);

CREATE TABLE IF NOT EXISTS servicios(
	id_servicio INT(2) NOT NULL AUTO_INCREMENT,
	nombre_servicio VARCHAR(30) NOT NULL,
	descripcion_servicio VARCHAR(100),
	valor_servicio INT(5) NOT NULL,
	CONSTRAINT ser_pk_ids PRIMARY KEY (id_servicio)
);


CREATE TABLE IF NOT EXISTS habitaciones(
	id_habitacion INT(2) NOT NULL AUTO_INCREMENT,
	tipo_habitacion CHAR(1) NOT NULL,
	id_tipo_habitacion INT(2) NOT NULL,
	numero_habitacion INT(3) NOT NULL,
	estado_habitacion CHAR(1) NOT NULL,
	tarifa_habitacion INT(2) NOT NULL,
	CONSTRAINT hab_pk_idh PRIMARY KEY (id_habitacion)
);

CREATE TABLE IF NOT EXISTS personas(
	id_persona INT(8) NOT NULL AUTO_INCREMENT,
	id_lugar_nacimiento INT(8),
	id_lugar_expedicion INT(8),
	id_profesion INT(4),
	id_empresa INT(6),
	id_cargo INT(1),
	nombres_persona VARCHAR(150) NOT NULL,
	apellidos_persona VARCHAR(150) NOT NULL,
	tipo_documento VARCHAR(2),
	numero_documento VARCHAR(20),
	genero_persona CHAR(1),
	fecha_nacimiento DATE,
	tipo_sangre_rh VARCHAR(2),
	telefono_persona VARCHAR(15) NOT NULL,
	correo_persona VARCHAR(100),
	tipo_persona CHAR(1) NOT NULL,
	nombre_usuario VARCHAR(60) DEFAULT 'No asignado' INVISIBLE,  
	contrasena_usuario VARCHAR(32)  DEFAULT 'No asignado' INVISIBLE, 
	CONSTRAINT per_pk_idp PRIMARY KEY (id_persona)
);

CREATE TABLE IF NOT EXISTS reservas (
	id_reserva INT(8) NOT NULL AUTO_INCREMENT,
	id_cliente INT(8),
	id_usuario INT(2) NOT NULL,
	id_lugar INT(8) NOT NULL,
	fecha_ingreso DATE NOT NULL,
	fecha_salida DATE NOT NULL,
	observaciones VARCHAR(100) NOT NULL,
	valor_reserva INT(7) NOT NULL,
	medio_pago VARCHAR(2) NOT NULL,
	estado_reserva VARCHAR(2) NOT NULL,
	CONSTRAINT res_pk_idr PRIMARY KEY(id_reserva)
);

CREATE TABLE IF NOT EXISTS control_diario(
    id_control INT(8) NOT NULL AUTO_INCREMENT,
    id_reserva INT(8) NOT NULL,
    id_servicio INT(8) NOT NULL,
    fecha_solicitud_servicio DATE NOT NULL,
    estado_saldo CHAR(2),
    CONSTRAINT con_pk_idc PRIMARY KEY(id_control)
);

CREATE TABLE IF NOT EXISTS registros_habitacion(
	id_registro INT(8) NOT NULL AUTO_INCREMENT,
	id_reserva INT(8) NOT NULL,
	id_cliente INT(8) NOT NULL,
	id_habitacion INT(2) NOT NULL,
	estado_registro VARCHAR(2) NOT NULL,
	CONSTRAINT reg_pk_idr PRIMARY KEY (id_registro)
);

CREATE TABLE IF NOT EXISTS facturas(
    id_factura INT(10) NOT NULL AUTO_INCREMENT,
    id_reserva INT(8) NOT NULL,
    id_control INT(8) NOT NULL,
    id_usuario INT(8) NOT NULL,
    serie_factura VARCHAR(4) NOT NULL,
    valor_total INT(8) NOT NULL,
    estado_factura CHAR(5),
    tipo_factura CHAR(1) NOT NULL,
    CONSTRAINT fac_pk_idf PRIMARY KEY(id_factura)
);

CREATE TABLE IF NOT EXISTS tipos_habitacion(
	id_tipo_habitacion INT(2) NOT NULL AUTO_INCREMENT,
	nombre_tipo_habitacion VARCHAR(30) NOT NULL,
	CONSTRAINT tih_pk_idt PRIMARY KEY (id_tipo_habitacion)
);

CREATE TABLE IF NOT EXISTS tarifas(
	id_tarifa INT(2) NOT NULL AUTO_INCREMENT,
	id_tipo_habitacion INT(2) NOT NULL,
	valor_habitacion  INT(7) NOT NULL,
	CONSTRAINT tar_pk_idt PRIMARY KEY(id_tarifa)
);


ALTER TABLE lugares ADD(
	CONSTRAINT lug_fk_idu FOREIGN KEY (id_ubicacion)
	REFERENCES lugares (id_lugar),
	CONSTRAINT lug_ck_tpl CHECK (tipo_lugar in ('P','D','C'))
);

ALTER TABLE empresas ADD(
	CONSTRAINT emp_fk_otr FOREIGN KEY (otro_impuesto)
	REFERENCES impuestos (id_impuesto)
);

ALTER TABLE habitaciones ADD(
	CONSTRAINT hab_ck_tph CHECK (tipo_habitacion IN ('J','H','M','L')),
	CONSTRAINT hab_ck_esh CHECK (estado_habitacion IN ('D','O','M','F')),
	CONSTRAINT hab_fk_idt FOREIGN KEY (id_tipo_habitacion) REFERENCES tipos_habitacion(id_tipo_habitacion)
);

ALTER TABLE personas ADD(
	CONSTRAINT per_ck_tpd CHECK (tipo_documento IN ('CC','TI','CE','PS')),
	CONSTRAINT per_ck_gnr CHECK (genero_persona IN ('M','F')),
	CONSTRAINT per_ck_tpp CHECK (tipo_persona IN ('U' /*Usuarios*/, 'C'/*Clientes*/,'A' /*Ambos*/)),
	CONSTRAINT per_fk_idp FOREIGN KEY (id_profesion) REFERENCES profesiones (id_profesion),
	CONSTRAINT per_fk_ide FOREIGN KEY (id_empresa) REFERENCES empresas (id_empresa),
	CONSTRAINT per_fk_idc FOREIGN KEY (id_cargo) REFERENCES cargos (id_cargo)
);

ALTER TABLE reservas ADD (
	CONSTRAINT res_fk_idc FOREIGN KEY (id_cliente)
	REFERENCES personas (id_persona),
	CONSTRAINT res_fk_idu FOREIGN KEY (id_usuario)
	REFERENCES personas (id_persona),
	CONSTRAINT res_fk_idl FOREIGN KEY (id_lugar)
	REFERENCES lugares (id_lugar),
	CONSTRAINT res_ck_est CHECK (estado_reserva in ('AC'/*Activa*/,'RE'/*Recibida*/,'CA'/*Cancelada*/))
);

ALTER TABLE control_diario ADD (
    CONSTRAINT con_fk_idr FOREIGN KEY (id_reserva) 
    REFERENCES reservas(id_reserva),
    CONSTRAINT con_fk_ids FOREIGN KEY (id_servicio)
    REFERENCES servicios(id_servicio)
);

ALTER TABLE registros_habitacion ADD(
	CONSTRAINT reg_fk_idr FOREIGN KEY (id_reserva)
	REFERENCES reservas (id_reserva),
	CONSTRAINT reg_fk_idh FOREIGN KEY (id_habitacion)
	REFERENCES habitaciones (id_habitacion),
	CONSTRAINT reg_fk_idc FOREIGN KEY (id_cliente)
	REFERENCES personas (id_persona),
	CONSTRAINT reg_ck_est CHECK (estado_registro in ('CI','CC'))
);

ALTER TABLE facturas ADD(
    CONSTRAINT fac_fk_idc FOREIGN KEY (id_control)
    REFERENCES control_diario(id_control),
    CONSTRAINT fac_fk_idu FOREIGN KEY (id_usuario)
    REFERENCES personas(id_persona),
    CONSTRAINT fac_ck_tip CHECK (tipo_factura IN ('N' /*FACTURA NORMAL*/, 'O' /*ORDEN DE SERVICIO*/)),
    CONSTRAINT fac_ck_es CHECK (estado_factura IN ('T' /*TARJETA*/, 'E' /*EFECTIVO*/, 'M' /*MIXTO*/, 'C' /*CONSIGNACION*/, 'A' /*ANULADA*/, 'CXC' /*CUENTAS POR COBRAR*/))
);

ALTER TABLE tarifas add(
	CONSTRAINT tar_fk_idt FOREIGN KEY (id_tipo_habitacion)
	REFERENCES tipos_habitacion(id_tipo_habitacion)
);


----------------------------------------------------------------------------------------------
INSERT INTO lugares (nombre_lugar,tipo_lugar) (
	SELECT Pais, 'P' FROM paises
);

-------------------------------------------------------------------------------------------------
INSERT INTO lugares (id_ubicacion,nombre_lugar,tipo_lugar) (
	SELECT id_lugar,Ciudad, 'C' 
	FROM ciudades,(SELECT id_lugar,codigo
		FROM lugares, paises
		WHERE nombre_lugar=pais) pais
	WHERE paises_codigo=codigo
);

-------------------------------------------------------------------------------------------------
---------------------PROCEDIMIENTO ALMACENADO PARA GENERAR SERIE DE FACTURA----------------------
DELIMITER $

	CREATE PROCEDURE prueba_serie(IN nnombre VARCHAR(50))
	BEGIN
		DECLARE maximo VARCHAR(10);
		DECLARE num INT;
		DECLARE letter INT;
		DECLARE codigo VARCHAR(10);

   	 	SET letter = (SELECT MAX(ASCII(LEFT(codigo_factura,1))) FROM facturas);
		SET num = (SELECT MAX(CAST(SUBSTRING(codigo_factura,2) AS INT)) FROM facturas WHERE ASCII(LEFT(codigo_factura,1))=letter);

   	 	IF num>=1 AND num<=8 THEN
    		SET num=num+1;
     		SET codigo = (SELECT CONCAT(CONCAT(CHAR(letter),'00'), CAST(num AS CHAR)));
    	ELSEIF num>=9 AND num<=98 THEN
    		SET num=num+1;
        	SET codigo = (SELECT CONCAT(CONCAT(CHAR(letter),'0'), CAST(num AS CHAR)));
    	ELSEIF num>=98 AND num<=998 THEN
    		SET num=num+1;
        	SET codigo = (SELECT CONCAT(CHAR(letter), CAST(num AS CHAR)));
       	ELSEIF num=999 THEN
       		SET codigo = (SELECT CONCAT(CHAR(letter), '1000'));
    	ELSE 
    		IF num=1000 THEN
    			SET letter = letter+1; 
    			SET codigo = (SELECT CONCAT(CHAR(letter), '001'));
    		ELSE
    			SET codigo = (SELECT 'A001');
    		END IF;
    	END IF;

    	INSERT INTO facturas (codigo_factura, nombre_factura) VALUES (codigo, nnombre);
END $
-------------------------------------------------------------------------------------------------


------------------------------------------SERVICIOS-------------------------------------------
INSERT INTO servicios (`nombre_servicio`, `descripcion_servicio`, `valor_servicio`) VALUES 
('LAVANDERIA', 'SE COBRA DEPENDIENDO DE LA PRENDA', '12000'),
('RESTAURANTE', 'SE COBRA DEPENDIENDO DEL PLATO', '12000'),
('MINIBAR', 'SE COBRA DEPENDIENDO DEL PRODUCTO', '5000');


------------------------------------------CONTROL DIARIO-------------------------------------------------------------------
INSERT INTO control_diario (`id_reserva`, `id_servicio`, `fecha_solicitud_servicio`, `estado_saldo`) VALUES (1, 1, '2020-01-23', 'CC');
INSERT INTO control_diario (`id_reserva`, `id_servicio`, `fecha_solicitud_servicio`, `estado_saldo`) VALUES (2, 2, '2020-01-20', 'CC');
INSERT INTO control_diario (`id_reserva`, `id_servicio`, `fecha_solicitud_servicio`, `estado_saldo`) VALUES (3, 3, '2020-01-21', 'CC');

-------------------------------------------------------------
INSERT INTO empresas (nit_empresa, nombre_empresa, telefono_empresa, retefuente) VALUES 
('811028650-1', 'MADECENTRO COLOMBIA SAS', '7603323', 1),
('900548102-0', 'AZTECA COMUNICACIONES SAS', '3124593207', 0),
('830004993-8', 'CASA TORO S.A', '6760022', 1);

INSERT INTO tipos_habitacion (nombre_tipo_habitacion) VALUES
('SENCILLA'),("PAREJA"),("DOBLE"),("TRIPLE"),("SUITE"),("TRIPLE CON O SIN SOFACAMA");
INSERT INTO tarifas(id_tipo_habitacion,valor_habitacion) VALUES
(1,70000),(1,75000),(1,80000),(1,85000),
(2,105000),(2,110000),(2,115000),
(3,120000),(3,125000),
(4,160000),(4,165000),
(5,165000),
(6,175000),(6,185000);

INSERT INTO habitaciones (id_tipo_habitacion,tipo_habitacion,numero_habitacion,estado_habitacion,tarifa_habitacion) VALUES
(1,'J',201,'D', 50000), (1,'H',202,'D', 120000), (1,'J',301,'D', 50000), (1,'J',302,'D', 50000), 
(1,'J',303,'D', 50000), (1,'L',304,'D', 50000), (1,'J',401,'D', 50000), (1,'J',402,'D', 50000),
(1,'J',403,'D', 50000), (1,'L',404,'D', 50000), (1,'J',501,'D', 50000), (1,'J',502,'D', 50000),
(1,'J',503,'D', 50000), (1,'L',504,'D', 50000), (1,'J',601,'D', 50000), (1,'J',602,'D', 50000),
(1,'M',603,'D', 50000);

---------------------------------------Cargos--------------------------------------------------
INSERT INTO cargos (nombre_cargo) VALUES 
('Directora administrativa'),('Coordinadora'),('Recepcionista'),('Camarera'),('Superusuario');

---------------------------------------Profesiones-------------------------------------------------
INSERT INTO profesiones (nombre_profesion) VALUES 
('INGENIERO'), ('ECONOMINSTA'), ('ESTUDIANTE'), ('CONDUCTOR'), ('MECÃNICO'), ('MODISTA'), ('ESTILISTA'), ('PANADERO');


INSERT INTO personas(id_lugar_nacimiento,id_lugar_expedicion,nombres_persona,apellidos_persona,
	tipo_documento,numero_documento,genero_persona,fecha_nacimiento,tipo_sangre_rh,
	telefono_persona,correo_persona, tipo_persona, id_cargo, nombre_usuario, contrasena_usuario) VALUES
(40040, 39828,'ANDRES FELIPE','CHAPARRO ROSAS','CC','1052411460','M','1997-10-23','A+','3123871293',NULL, 'U',5,'andres.chaparro',md5('admin')),
(40040, 39828,'FABIAN ALEJANDRO','CRISTANCHO RINCON','CC','1053588031','M','1999-05-29','B+','3125743447',NULL, 'U',5,'fabian.cristancho',md5('admin'));


-------------------------------------------------- PERSONAS ----------------------------------------------------------------------------------------------------------------------------------------------------------------------------------------------------------
INSERT INTO personas (`id_lugar_nacimiento`, `id_lugar_expedicion`, `id_empresa`, `nombres_persona`, `apellidos_persona`, `tipo_documento`, `numero_documento`, `genero_persona`, `fecha_nacimiento`, `tipo_sangre_rh`, `telefono_persona`, `tipo_persona`) VALUES 
(40040, 39828, 1, 'CARLOS ANDRES','CHAPARRO RINCON','CC','1052434460','M','1987-11-25','B+','3125671293', 'C');

INSERT INTO personas (`id_lugar_nacimiento`, `id_lugar_expedicion`, `id_empresa`, `nombres_persona`, `apellidos_persona`, `tipo_documento`, `numero_documento`, `genero_persona`, `fecha_nacimiento`, `tipo_sangre_rh`, `telefono_persona`, `tipo_persona`) VALUES 
(40040, 39828, 1, 'FELIPE ANTOIO','ROSAS BARRERA','CC','1045411460','M','1990-10-19','O+','3122371293', 'C');

INSERT INTO personas (`id_lugar_nacimiento`, `id_lugar_expedicion`, `id_empresa`, `nombres_persona`, `apellidos_persona`, `tipo_documento`, `numero_documento`, `genero_persona`, `fecha_nacimiento`, `tipo_sangre_rh`, `telefono_persona`, `tipo_persona`) VALUES 
(40040, 39828, 1, 'FABIAN ALEJANDRO','CRISTANCHO RINCON','CC','1052451460','M','1999-05-28','B+','3125743447', 'C');

INSERT INTO personas (`id_lugar_nacimiento`, `id_lugar_expedicion`, `id_empresa`, `nombres_persona`, `apellidos_persona`, `tipo_documento`, `numero_documento`, `genero_persona`, `fecha_nacimiento`, `tipo_sangre_rh`, `telefono_persona`, `tipo_persona`) VALUES 
(40040, 39828, 1, 'MARIA HELENA','ROJAS VELEZ','TI','10534567654','F','1988-12-21','O-','3103321293', 'C');

INSERT INTO personas (`id_lugar_nacimiento`, `id_lugar_expedicion`, `id_empresa`, `nombres_persona`, `apellidos_persona`, `tipo_documento`, `numero_documento`, `genero_persona`, `fecha_nacimiento`, `tipo_sangre_rh`, `telefono_persona`, `tipo_persona`) VALUES 
(40040, 39828, 1, 'MARIA FERNANDA','TELLEZ PEREZ','CC','1051451460','M','1998-11-23','A+','3123878793', 'C');

INSERT INTO personas (`id_lugar_nacimiento`, `id_lugar_expedicion`, `id_empresa`, `nombres_persona`, `apellidos_persona`, `tipo_documento`, `numero_documento`, `genero_persona`, `fecha_nacimiento`, `tipo_sangre_rh`, `telefono_persona`, `tipo_persona`) VALUES 
(40040, 39828, 2, 'ERNESTO','CHAPARRO ROSAS','CC','1053455460','M','2000-10-23','B+','3103471293', 'C');

INSERT INTO personas (`id_lugar_nacimiento`, `id_lugar_expedicion`, `id_empresa`, `nombres_persona`, `apellidos_persona`, `tipo_documento`, `numero_documento`, `genero_persona`, `fecha_nacimiento`, `tipo_sangre_rh`, `telefono_persona`, `tipo_persona`) VALUES 
(40040, 39828, 2, 'CAMILO ANDRES','BARRERA ROSAS','CC','10504563728','M','1993-10-23','B+','3123982293', 'C');

INSERT INTO personas (`id_lugar_nacimiento`, `id_lugar_expedicion`, `id_empresa`, `nombres_persona`, `apellidos_persona`, `tipo_documento`, `numero_documento`, `genero_persona`, `fecha_nacimiento`, `tipo_sangre_rh`, `telefono_persona`, `tipo_persona`) VALUES 
(40040, 39828, 2, 'ANA PATRICIA','CARDENAS PEREZ','CC','1052391460','F','1992-03-04','B+','3123871293', 'C');

INSERT INTO personas (`id_lugar_nacimiento`, `id_lugar_expedicion`, `id_empresa`, `nombres_persona`, `apellidos_persona`, `tipo_documento`, `numero_documento`, `genero_persona`, `fecha_nacimiento`, `tipo_sangre_rh`, `telefono_persona`, `tipo_persona`) VALUES 
(40040, 39828, 1, 'ANA DEISY','SEPULVEDA GIRALDO','CC','10535446732','F','1990-05-26','A+','3123871323', 'C');

INSERT INTO personas (`id_lugar_nacimiento`, `id_lugar_expedicion`, `id_empresa`, `nombres_persona`, `apellidos_persona`, `tipo_documento`, `numero_documento`, `genero_persona`, `fecha_nacimiento`, `tipo_sangre_rh`, `telefono_persona`, `tipo_persona`) VALUES 
(40040, 39828, 3, 'FELIPE ALEJANDRO','ROSAS RINCON','CC','1053565460','M','1994-11-27','B+','3123871293', 'C');


----------------------------------------------RESERVAS---------------------------------------------------------------------
INSERT into reservas (`id_cliente`, `id_usuario`, `id_lugar`, `fecha_ingreso`, `fecha_salida`, `valor_reserva`, `medio_pago`, `estado_reserva`) VALUES (1, 1, 1234, '2020-01-15', '2020-01-22', 175340, 'CH', 'RE');

INSERT into reservas (`id_cliente`, `id_usuario`, `id_lugar`, `fecha_ingreso`, `fecha_salida`, `valor_reserva`, `medio_pago`, `estado_reserva`) VALUES (2, 1, 1234, '2020-01-17', '2020-01-25', 175340, 'CH', 'RE');

INSERT into reservas (`id_cliente`, `id_usuario`, `id_lugar`, `fecha_ingreso`, `fecha_salida`, `valor_reserva`, `medio_pago`, `estado_reserva`) VALUES (3, 1, 1234, '2020-01-19', '2020-01-26', 175340, 'CH', 'RE');

INSERT into reservas (`id_cliente`, `id_usuario`, `id_lugar`, `fecha_ingreso`, `fecha_salida`, `valor_reserva`, `medio_pago`, `estado_reserva`) VALUES (4, 1, 1234, '2020-01-18', '2020-01-27', 175340, 'CH', 'RE');

INSERT into reservas (`id_cliente`, `id_usuario`, `id_lugar`, `fecha_ingreso`, `fecha_salida`, `valor_reserva`, `medio_pago`, `estado_reserva`) VALUES (5, 1, 1234, '2020-01-18', '2020-01-28', 175340, 'CH', 'RE');

INSERT into reservas (`id_cliente`, `id_usuario`, `id_lugar`, `fecha_ingreso`, `fecha_salida`, `valor_reserva`, `medio_pago`, `estado_reserva`) VALUES (6, 1, 1234, '2020-01-13', '2020-01-22', 175340, 'CH', 'RE');

INSERT into reservas (`id_cliente`, `id_usuario`, `id_lugar`, `fecha_ingreso`, `fecha_salida`, `valor_reserva`, `medio_pago`, `estado_reserva`) VALUES (7, 1, 1234, '2020-01-16', '2020-01-21', 175340, 'CH', 'RE');

INSERT into reservas (`id_cliente`, `id_usuario`, `id_lugar`, `fecha_ingreso`, `fecha_salida`, `valor_reserva`, `medio_pago`, `estado_reserva`) VALUES (8, 1, 1234, '2020-01-13', '2020-01-22', 175340, 'CH', 'RE');

INSERT into reservas (`id_cliente`, `id_usuario`, `id_lugar`, `fecha_ingreso`, `fecha_salida`, `valor_reserva`, `medio_pago`, `estado_reserva`) VALUES (9, 1, 1234, '2020-01-14', '2020-01-27', 175340, 'CH', 'RE');

INSERT into reservas (`id_cliente`, `id_usuario`, `id_lugar`, `fecha_ingreso`, `fecha_salida`, `valor_reserva`, `medio_pago`, `estado_reserva`) VALUES (10, 1, 1234, '2020-01-15', '2020-01-23', 175340, 'CH', 'RE');



-------------------------------------------FACTURAS------------------------------------------------------------------
INSERT INTO facturas (`id_reserva`, `id_control`, `id_usuario`, `serie_factura`, `valor_total`, `estado_factura`, `tipo_factura`) VALUES (1, 1, 1, 1234, 75000, 'T', 'N');

INSERT INTO facturas (`id_reserva`, `id_control`, `id_usuario`, `serie_factura`, `valor_total`, `estado_factura`, `tipo_factura`) VALUES (2, 1, 1, 1234, 75000, 'T', 'N');

INSERT INTO facturas (`id_reserva`, `id_control`, `id_usuario`, `serie_factura`, `valor_total`, `estado_factura`, `tipo_factura`) VALUES (3, 1, 1, 1234, 80000, 'T', 'N');

INSERT INTO facturas (`id_reserva`, `id_control`, `id_usuario`, `serie_factura`, `valor_total`, `estado_factura`, `tipo_factura`) VALUES (4, 1, 1, 1234, 75000, 'T', 'N');

INSERT INTO facturas (`id_reserva`, `id_control`, `id_usuario`, `serie_factura`, `valor_total`, `estado_factura`, `tipo_factura`) VALUES (5, 1, 1, 1234, 75000, 'T', 'N');

INSERT INTO facturas (`id_reserva`, `id_control`, `id_usuario`, `serie_factura`, `valor_total`, `estado_factura`, `tipo_factura`) VALUES (6, 2, 1, 1234, 75000, 'T', 'N');

INSERT INTO facturas (`id_reserva`, `id_control`, `id_usuario`, `serie_factura`, `valor_total`, `estado_factura`, `tipo_factura`) VALUES (7, 2, 1, 1234, 75000, 'T', 'N');

INSERT INTO facturas (`id_reserva`, `id_control`, `id_usuario`, `serie_factura`, `valor_total`, `estado_factura`, `tipo_factura`) VALUES (8, 3, 1, 1234, 85000, 'T', 'N');

INSERT INTO facturas (`id_reserva`, `id_control`, `id_usuario`, `serie_factura`, `valor_total`, `estado_factura`, `tipo_factura`) VALUES (9, 3, 1, 1234, 95000, 'T', 'N');

INSERT INTO facturas (`id_reserva`, `id_control`, `id_usuario`, `serie_factura`, `valor_total`, `estado_factura`, `tipo_factura`) VALUES (10, 3, 1, 1234, 70000, 'T', 'N');

INSERT INTO facturas (`id_reserva`, `id_control`, `id_usuario`, `serie_factura`, `valor_total`, `estado_factura`, `tipo_factura`) VALUES (11, 3, 1, 1234, 100000, 'T', 'N');
